"Employee Number","Last Name","First Name","Department Name"
10001,"Facello","Georgi","Development"
10002,"Simmel","Bezalel","Sales"
10006,"Preusig","Anneke","Development"
10008,"Kalloufi","Saniya","Development"
10012,"Bridgland","Patricio","Development"
10014,"Genin","Berni","Development"
10016,"Cappelletti","Kazuhito","Sales"
10018,"Peha","Kazuhide","Development"
10021,"Erde","Ramzi","Development"
10022,"Famili","Shahaf","Development"
10023,"Montemayor","Bojan","Development"
10025,"Heyers","Prasadram","Development"
10027,"Reistad","Divier","Development"
10028,"Tempesti","Domenick","Development"
10031,"Joslin","Karsten","Development"
10034,"Swan","Bader","Sales"
10037,"Makrucki","Pradeep","Development"
10040,"Meriste","Weiyi","Development"
10041,"Lenart","Uri","Sales"
10043,"Tzvieli","Yishay","Development"
10048,"Syrotiuk","Florian","Development"
10050,"Dredge","Yinghua","Sales"
10053,"Zschoche","Sanjiv","Sales"
10056,"Bernini","Brendon","Development"
10057,"Callaway","Ebbe","Development"
10060,"Billingsley","Breannda","Sales"
10061,"Herber","Tse","Sales"
10062,"Peyn","Anoosh","Development"
10065,"Awdeh","Satosi","Development"
10066,"Schusler","Kwee","Development"
10068,"Brattka","Charlene","Sales"
10070,"Garigliano","Reuven","Development"
10072,"Sidou","Hironoby","Development"
10074,"Bernatsky","Mokhtar","Development"
10075,"Dolinsky","Gao","Development"
10076,"Ritzmann","Erez","Development"
10078,"Mondadori","Danel","Development"
10079,"Gils","Kshitij","Development"
10087,"Eugenio","Xinglin","Sales"
10088,"Syrzycki","Jungsoon","Sales"
10089,"Flasterstein","Sudharsan","Sales"
10090,"Hofting","Kendra","Development"
10091,"Gomatam","Amabile","Development"
10092,"Niizuma","Valdiodio","Development"
10093,"Desikan","Sailaja","Sales"
10095,"Morton","Hilari","Sales"
10099,"Sullins","Valter","Sales"
10101,"Heyers","Perla","Sales"
10103,"Birch","Akemi","Development"
10107,"Baca","Dung","Sales"
10116,"Czap","Dayanand","Development"
10118,"Zyda","Zhonghui","Development"
10121,"Ramsay","Guoxiang","Development"
10122,"Esposito","Ohad","Development"
10125,"Hiltgen","Syozo","Sales"
10127,"Baja","Subir","Development"
10129,"Peir","Armond","Development"
10134,"Siprelle","Diederik","Development"
10136,"Pintelas","Zissis","Sales"
10139,"Foong","Ewing","Development"
10142,"Hettesheimer","Tzvetan","Development"
10143,"Bakhtari","Sakthirel","Development"
10145,"Esposito","Akemi","Development"
10148,"Azumi","Douadi","Sales"
10149,"Perry","Xiadong","Sales"
10150,"Perng","Zhenbing","Development"
10151,"Lichtner","Itzchak","Sales"
10153,"Majewski","Heekeun","Development"
10157,"Aloisi","Nigel","Development"
10160,"Khasidashvili","Debatosh","Sales"
10166,"Siegrist","Samphel","Development"
10169,"Snedden","Sampalli","Development"
10172,"Matzen","Shigeu","Development"
10178,"Litvinov","Valery","Sales"
10179,"Duclos","Deniz","Development"
10181,"Nooteboom","Sibyl","Development"
10182,"Merey","Moriyoshi","Development"
10185,"Sidhu","Duro","Sales"
10189,"Erva","Khalid","Development"
10191,"Nastansky","Zdislav","Development"
10193,"Cheshire","Masaru","Development"
10197,"Krzyzanowski","Kasidit","Development"
10198,"Furedi","Pranav","Development"
10199,"Ranta","Kazuhisa","Sales"
10201,"Kavraki","Idoia","Development"
10202,"Lichtner","Greger","Development"
10204,"Ritcey","Nevio","Development"
10206,"Iwayama","Alassane","Development"
10207,"Anandan","Girolamo","Development"
10209,"Ellozy","Yolla","Sales"
10211,"Strehl","Vishu","Development"
10212,"Esteva","Divier","Development"
10214,"Ciolek","Tadahiko","Sales"
10215,"Duclos","Xiaobin","Sales"
10219,"Kolvik","Genta","Development"
10223,"Schmiedel","Carrsten","Development"
10226,"Plessier","Xinglin","Sales"
10227,"Kaiser","Anneli","Development"
10228,"Cesareni","Karoline","Sales"
10232,"Auria","Marko","Sales"
10234,"Bakhtari","Arunachalam","Sales"
10236,"Bade","Susumu","Sales"
10237,"Mandell","Yannis","Sales"
10238,"Gire","Mototsugu","Development"
10243,"Pouyioutas","Wonhee","Sales"
10244,"Flasterstein","Foong","Development"
10248,"Tempesti","Frederique","Sales"
10249,"Boreale","Marie","Development"
10253,"Salinas","Zsolt","Sales"
10254,"Brattka","Shen","Sales"
10256,"Radhakrishnan","Irene","Sales"
10258,"Ishibashi","Basil","Development"
10261,"Erie","Mang","Development"
10262,"Maraist","Mahendra","Sales"
10264,"Kawashimo","Nalini","Development"
10268,"Siochi","Nishit","Development"
10270,"Hartvigsen","Bedir","Sales"
10271,"Eastman","Sham","Development"
10273,"Lieblein","Baocai","Sales"
10274,"Pearson","Dmitri","Development"
10275,"Luck","Marek","Development"
10276,"Hempstead","Xuejun","Development"
10277,"Schwartzbauer","Isaac","Sales"
10278,"Nitsch","Lubomir","Development"
10283,"Birjandi","Kauko","Development"
10287,"Pietracaprina","Marie","Development"
10289,"Poulakidas","Shay","Development"
10290,"Pleszkun","Yongmao","Development"
10291,"Seghrouchni","Dipayan","Sales"
10292,"Ghelli","Yucel","Sales"
10294,"Miara","Rutger","Development"
10296,"Lorho","Petter","Sales"
10299,"Stentiford","Ipke","Sales"
10302,"Baer","Faiza","Sales"
10304,"Erie","Bernt","Sales"
10305,"Piancastelli","Hirochika","Development"
10306,"Kilgour","Heng","Sales"
10308,"Holburn","Dzung","Sales"
10309,"Schusler","Prodip","Development"
10311,"Molenkamp","Hsiangchu","Development"
10314,"Apsitis","Christfried","Sales"
10315,"Angelopoulos","Maris","Development"
10318,"Beilner","Mototsugu","Development"
10319,"Miyakawa","Mechthild","Sales"
10320,"Stasinski","Uinam","Sales"
10321,"Ravishankar","Guenter","Sales"
10322,"Dahlbom","Isamu","Development"
10324,"Rouquie","Bernardo","Development"
10327,"Facello","Roded","Development"
10328,"Kawashima","Serenella","Development"
10330,"Bellmore","Kasturi","Sales"
10331,"Binkley","Arto","Sales"
10333,"Dymetman","Snehasis","Development"
10335,"Bahi","Toshimori","Sales"
10342,"Hiroyama","Stella","Development"
10345,"Ratnakar","Arra","Development"
10346,"Radwan","Aamod","Sales"
10352,"Ohori","Erzsebet","Development"
10355,"Cochrane","Satyanarayana","Sales"
10358,"Tagansky","Qunsheng","Development"
10359,"Sambasivam","Heekeun","Development"
10361,"Sidou","Seshu","Sales"
10366,"Piazza","Morrie","Development"
10369,"Toyoshima","Qunsheng","Sales"
10370,"Fandrianto","Clyde","Sales"
10373,"Heijenga","Hongzue","Development"
10374,"Rosin","Willard","Sales"
10375,"Kalafatis","Dante","Sales"
10378,"Lichtner","Takahira","Sales"
10379,"Rosis","Mikhail","Development"
10380,"Kamble","Alejandro","Sales"
10386,"Miyakawa","Eishiro","Development"
10388,"Kaiser","Hironoby","Sales"
10389,"Peir","Make","Development"
10391,"Akaboshi","Hongzue","Development"
10394,"Meriste","Shawna","Development"
10395,"Deverell","Takahiro","Development"
10396,"Rahier","Sibyl","Development"
10398,"Escriba","Shooichi","Sales"
10399,"Marchegay","Guenter","Sales"
10400,"Nitto","Ortrud","Sales"
10403,"Mungall","Atreyi","Sales"
10404,"Rosti","Prodip","Development"
10407,"Siepmann","Ulf","Sales"
10408,"Kaiser","Martijn","Sales"
10409,"Straney","Mario","Development"
10410,"Gecsei","Takahito","Sales"
10411,"Klerer","Lidong","Sales"
10414,"Alpin","Yinlin","Development"
10415,"Coorg","Mark","Development"
10417,"Bakhtari","Bingning","Sales"
10424,"Straney","Babette","Development"
10426,"Luce","Arunas","Development"
10427,"Sudbeck","Khosrow","Sales"
10429,"Improta","Martien","Development"
10431,"Bugrara","Patricio","Sales"
10435,"Tagansky","Marsha","Development"
10439,"Jarecki","Jolita","Development"
10440,"Narahara","Akeel","Development"
10442,"Unno","Volkmar","Sales"
10443,"Litvinov","Shichao","Development"
10444,"Rosis","Kazuhira","Sales"
10445,"Kavanagh","Junichi","Development"
10446,"Chepyzhov","Ebru","Development"
10448,"Oxenboll","Phule","Sales"
10449,"Sudkamp","Aleksandar","Sales"
10450,"Harbusch","Khun","Development"
10452,"Hasham","Werner","Development"
10454,"Badr","Wonhee","Sales"
10455,"Streng","Sverrir","Sales"
10458,"Engelmann","Gina","Sales"
10460,"VanScheik","Shushma","Development"
10461,"Karcich","Gal","Sales"
10463,"Zaiane","Ung","Sales"
10468,"Shobatake","Yoshimitsu","Sales"
10469,"Ananiadou","Munehiko","Development"
10472,"Lodder","Salvador","Sales"
10477,"Trogemann","Guoxiang","Development"
10478,"Ushiama","Maik","Development"
10482,"Pleszkun","Goa","Development"
10485,"Sundgren","Teruyuki","Development"
10488,"Heering","Mihalis","Development"
10489,"Homond","Elvia","Development"
10490,"Vuskovic","Huiqun","Sales"
10492,"Kumaresan","Lobel","Development"
10493,"Haraldson","Maris","Sales"
10499,"Luft","Maik","Sales"
10500,"Narwekar","Vojin","Development"
10501,"Larfeldt","Susuma","Development"
10504,"Varker","Xiong","Sales"
10505,"Auria","Isamu","Sales"
10506,"Kroll","Kazuhisa","Development"
10509,"Riesenhuber","Abdelwaheb","Sales"
10510,"Slobodova","Keung","Sales"
10515,"Kirkerud","Raimond","Sales"
10516,"Luga","Xiadong","Development"
10517,"Speek","Tiina","Sales"
10518,"Lanphier","Marin","Development"
10519,"Alencar","Yonghoan","Development"
10521,"Setia","Kwangsub","Sales"
10525,"Lunt","Yuchang","Sales"
10527,"Barvinok","Tetsushi","Development"
10528,"Lakshmanan","Koichi","Development"
10529,"Yetto","Ymte","Development"
10530,"Coors","Boriana","Development"
10532,"Wossner","Mary","Sales"
10533,"Smailagic","Mohamadou","Sales"
10536,"Sambasivam","Yechiam","Sales"
10537,"Benzmuller","Stella","Sales"
10538,"Falby","Przemyslawa","Development"
10539,"Reinhard","Yucel","Sales"
10541,"Eiter","Godehard","Sales"
10542,"Couchot","Yannis","Development"
10547,"Brobst","Snehasis","Development"
10548,"Gunderson","Ramalingam","Sales"
10549,"Kisuki","Beshir","Development"
10553,"Wallrath","Rajmohan","Development"
10554,"Gerlach","Dines","Development"
10555,"Picci","Vitaly","Sales"
10557,"Karlin","Sashi","Development"
10559,"Comellas","Arumugam","Sales"
10560,"Esteva","Yinlin","Development"
10561,"Joslin","Serge","Sales"
10562,"Pearson","Shuky","Development"
10563,"Spelt","Mohit","Development"
10566,"Zuberek","Jianhui","Development"
10567,"Journel","Dietrich","Sales"
10568,"Poulakidas","Gao","Sales"
10570,"Morrin","Alassane","Sales"
10571,"Varman","Fun","Development"
10573,"Speel","Tetsushi","Sales"
10578,"Shanbhogue","Shigeaki","Development"
10579,"Stentiford","Aiman","Development"
10582,"Juneja","Shmuel","Development"
10584,"Papastamatiou","Mana","Development"
10585,"Willoner","Sajjad","Development"
10587,"Srimani","Behnaam","Development"
10592,"Alvarado","Almudena","Sales"
10593,"Kenevan","Falguni","Development"
10594,"Whitcomb","Kiyokazu","Development"
10596,"Coors","Sanjit","Sales"
10597,"Schaad","Lucien","Sales"
10599,"Crelier","Seshu","Development"
10600,"Rettelbach","Emran","Sales"
10603,"Restivo","Wayne","Sales"
10604,"Brizzi","Susanna","Development"
10606,"Marakhovsky","Toshiki","Development"
10607,"Hambrick","Rosalyn","Development"
10609,"Zhang","Janche","Development"
10610,"Roccetti","Irena","Development"
10611,"Blokdijk","Karsten","Development"
10616,"Marwedel","Tommaso","Sales"
10619,"Kusakabe","Vivian","Sales"
10620,"Veeraraghavan","Marit","Development"
10621,"Siepmann","Hinrich","Development"
10623,"Danlos","Aleksander","Development"
10625,"Petereit","Leszek","Development"
10628,"Krogh","Krisda","Development"
10629,"Francisci","Lalit","Sales"
10631,"Chaudhuri","Inderjeet","Development"
10632,"Velardi","Yoshimitsu","Development"
10633,"Herber","Sorina","Sales"
10634,"Chepyzhov","Nahid","Development"
10637,"Frolund","Heejo","Sales"
10638,"Borovoy","Jenwei","Sales"
10639,"Erol","Pramod","Development"
10640,"Meszaros","Anneke","Sales"
10641,"Zucker","Guozhong","Development"
10642,"Narlikar","Hirochika","Development"
10643,"Keirsey","Slavian","Development"
10644,"Benaini","Pranas","Sales"
10648,"Ratnaker","Marlo","Development"
10650,"Chepyzhov","Hongzhu","Development"
10653,"Feinberg","Otmar","Development"
10655,"Dalton","Remko","Sales"
10659,"Shackel","Dinah","Development"
10660,"Kolinko","Jouko","Development"
10663,"Noriega","Teunis","Development"
10665,"Snyers","Qingxiang","Development"
10670,"McAffer","Shunichi","Sales"
10673,"Casperson","Hyuckchul","Development"
10674,"Bisiani","Abdelaziz","Development"
10676,"Danley","Valeri","Development"
10677,"Perng","Alejandra","Development"
10678,"Gide","Chriss","Development"
10680,"Honglei","Kish","Development"
10681,"Garnier","Florina","Sales"
10686,"Azadmanesh","Avishai","Development"
10690,"Jumpertz","Matt","Development"
10691,"Setia","Denny","Development"
10692,"Bage","Larisa","Sales"
10696,"Fendler","Unal","Development"
10698,"Engberts","Barton","Development"
10700,"Mondadori","Angel","Development"
10701,"Zolotykh","Hyuncheol","Sales"
10702,"Szemeredi","Bader","Development"
10705,"Wynblatt","Hironobu","Sales"
10707,"Trystram","Moty","Development"
10709,"Mateescu","Jiafu","Development"
10710,"Kermarrec","Sorina","Sales"
10711,"DuBourdieux","Arvind","Development"
10712,"Koprowski","Uma","Development"
10714,"Sadowsky","Aran","Development"
10716,"Constantine","Aiman","Development"
10718,"Rullman","Adib","Development"
10719,"Karunanithi","Guenter","Development"
10725,"Isard","Garnet","Sales"
10726,"Minakawa","Zita","Development"
10730,"Janetzko","Mohit","Development"
10738,"Oppitz","Rosita","Development"
10739,"Iacovou","Gor","Development"
10740,"Sadowski","Suzette","Development"
10742,"Wiegley","Shim","Development"
10744,"Syang","Yaghout","Sales"
10746,"Usery","Kolar","Development"
10750,"Demeyer","Roddy","Development"
10751,"Ushiama","Jordanka","Development"
10754,"Feinberg","Chenyi","Sales"
10755,"Ressouche","Odysseas","Development"
10756,"Brizzi","Paddy","Development"
10757,"Simkin","Florina","Development"
10764,"Beetstra","Yunming","Development"
10765,"Norsworthy","Goetz","Sales"
10767,"Doering","Monique","Sales"
10769,"Bouloucos","Vishv","Development"
10770,"Perry","Bedir","Sales"
10772,"Dayana","Munehiro","Development"
10776,"Skafidas","Mahmut","Development"
10784,"Bottner","Weijing","Development"
10788,"Ullian","Frazer","Sales"
10791,"Sgarro","Tadahiko","Development"
10792,"Birdsall","Chinya","Development"
10793,"Roisin","Oksana","Development"
10795,"Naudin","Supot","Sales"
10797,"Hiyoshi","Goetz","Development"
10799,"Griswold","Gad","Development"
10804,"Benantar","Terresa","Sales"
10807,"Zallocco","Munehiro","Sales"
10808,"Leijenhorst","Chenxi","Development"
10809,"Feldhoffer","Shim","Development"
10810,"Lunn","Lijie","Sales"
10813,"Shumilov","Shalesh","Sales"
10814,"Dymetman","Nidapan","Sales"
10817,"Rullman","Uri","Sales"
10821,"Schurmann","Irena","Development"
10822,"Passino","Masaru","Development"
10825,"Fairtlough","Fan","Development"
10826,"Anandan","Arnd","Development"
10828,"Gammage","Godehard","Sales"
10831,"Driscoll","Toong","Development"
10832,"Bergere","Hidde","Sales"
10836,"Leivant","Jianhua","Sales"
10837,"Karlin","Chuanti","Sales"
10842,"Sanella","Berni","Development"
10843,"Smeets","Honesty","Development"
10844,"Koprowski","Dipayan","Development"
10845,"Tasistro","Hidde","Development"
10846,"Serre","Tokuyasu","Development"
10849,"Mayerwieser","Makato","Development"
10854,"Nannarelli","Jagoda","Development"
10855,"Reinhart","Kwangho","Sales"
10857,"Stenning","Fusako","Sales"
10858,"Gonthier","Kenroku","Development"
10861,"Baek","Howell","Development"
10862,"Kadhim","Zhenbing","Sales"
10864,"Spieker","Elliott","Sales"
10865,"Etalle","Danco","Sales"
10876,"Papastamatiou","Vincent","Sales"
10878,"Deville","Lakshmi","Sales"
10879,"Chleq","Muzhong","Development"
10882,"Heuser","Fun","Development"
10884,"Kleiser","Teunis","Development"
10885,"Cronau","Rayond","Sales"
10886,"Begiun","Sushant","Development"
10887,"DeMori","Lunjin","Development"
10888,"Dredge","Kwangho","Development"
10889,"Coors","Cheong","Sales"
10890,"Furudate","Ramzi","Sales"
10891,"Jiang","Susanne","Development"
10895,"Petersohn","Vishwani","Sales"
10897,"Kumaresan","Arno","Sales"
10900,"Prenel","Ferdinand","Development"
10902,"Perly","Inderjeet","Development"
10904,"Colorni","Debatosh","Development"
10906,"Carrere","Munehiro","Sales"
10909,"Atchley","Georgi","Development"
10914,"Prochazka","Mizuhito","Sales"
10916,"Spataro","Make","Development"
10917,"Slaats","Tesuya","Development"
10922,"Wossner","Kyoichi","Sales"
10923,"Maquelin","Younwoo","Sales"
10924,"Atchley","Hironoby","Sales"
10932,"Picci","Avishai","Development"
10937,"Nanard","Anyuan","Development"
10940,"Fioravanti","Aleksander","Development"
10942,"Larfeldt","Toshimitsu","Development"
10943,"Skafidas","Berna","Development"
10948,"Brodie","Shigehito","Development"
10952,"Bharadwaj","Inderjeet","Development"
10953,"Laventhal","Jahangir","Sales"
10955,"Danley","Urs","Sales"
10956,"Picel","Arno","Development"
10957,"Schnabel","Duke","Sales"
10958,"Katalagarianos","Huican","Development"
10959,"Vigier","Kerryn","Sales"
10960,"Braunschweig","Billur","Sales"
10961,"Choobineh","Weiwu","Development"
10962,"Kugler","Naraig","Sales"
10963,"Swist","Hatsukazu","Development"
10965,"Braunschweig","Eckart","Sales"
10967,"Adachi","Eran","Development"
10968,"Kolinko","Lakshmi","Sales"
10969,"Noriega","Premal","Development"
10971,"Vadhan","Isamu","Development"
10972,"Asser","Fumiko","Development"
10973,"Raczkowsky","Valdiodio","Development"
10974,"Papsdorf","Muneo","Development"
10977,"Murrill","Toong","Sales"
10980,"Munawer","Filipp","Development"
10981,"Dulin","Sugwoo","Sales"
10985,"Furedi","Chiradeep","Development"
10986,"Schiper","Masako","Development"
10987,"Baezner","Flemming","Development"
10988,"Deyuan","Chinya","Development"
10990,"Foote","Shin","Development"
10991,"Aingworth","Munehiro","Development"
10992,"Juneja","Zhensheng","Development"
10994,"Aingworth","Divine","Development"
10996,"Rahimi","Matk","Sales"
10998,"Kandlur","Marlo","Sales"
10999,"Benveniste","Insup","Development"
11000,"Bonifati","Alain","Development"
11001,"Buchter","Baziley","Development"
11002,"Ulupinar","Bluma","Sales"
11003,"Gulla","Mariangiola","Development"
11005,"Douceur","Byong","Development"
11007,"Maccarone","Olivera","Development"
11008,"Menhoudj","Gennady","Sales"
11009,"Axelband","Alper","Sales"
11011,"Hofstetter","Moti","Development"
11013,"Vesel","Breannda","Development"
11015,"Riesenhuber","Jeanna","Sales"
11016,"Rajaraman","Sibyl","Development"
11017,"Sanella","Jovan","Development"
11018,"Luby","Berthier","Development"
11019,"Huttel","Leon","Development"
11020,"Encarnacion","Weiwu","Development"
11022,"Pintelas","Apostol","Sales"
11023,"Driscoll","Yifei","Sales"
11024,"Collavizza","Manton","Sales"
11029,"Itzfeldt","Georgi","Sales"
11030,"Hellwagner","Kwan","Sales"
11032,"Schaaf","Erez","Development"
11033,"Bahk","Shushma","Development"
11042,"Breugel","Gou","Development"
11043,"Range","Iara","Development"
11044,"Cherinka","Elvia","Sales"
11048,"Demke","Jaques","Sales"
11049,"Apsitis","Gift","Sales"
11055,"Neiman","Shaleah","Sales"
