"Employee Number","Department Number","Department Name","Last Name","First Name"
111877,"d009","Customer Service","Spinelli","Xiaobin"
111534,"d008","Research","Kambil","Hilary"
110765,"d006","Quality Management","Hofmeyr","Rutger"
110420,"d004","Production","Ghazalie","Oscar"
110725,"d006","Quality Management","Onuegbe","Peternela"
110022,"d001","Marketing","Markovitch","Margareta"
111035,"d007","Sales","Kaelbling","Przemyslawa"
110511,"d005","Development","Hagimont","DeForest"
110567,"d005","Development","DasSarma","Leon"
110183,"d003","Human Resources","Ossenbruggen","Shirish"
111939,"d009","Customer Service","Weedman","Yuchang"
110114,"d002","Finance","Legleitner","Isamu"
110854,"d006","Quality Management","Pesch","Dung"
110039,"d001","Marketing","Minakawa","Vishwani"
110800,"d006","Quality Management","Quadeer","Sanjoy"
110228,"d003","Human Resources","Sigstam","Karsten"
110303,"d004","Production","Wegerle","Krassimir"
110344,"d004","Production","Cools","Rosine"
111692,"d009","Customer Service","Butterworth","Tonny"
111400,"d008","Research","Staelin","Arie"
111133,"d007","Sales","Zhang","Hauke"
110085,"d002","Finance","Alpin","Ebru"
110386,"d004","Production","Kieras","Shem"
111784,"d009","Customer Service","Giarratana","Marjo"
